{
  "Median_age_persons": {
    "count": 14842,
    "mean": 45.25825360463549,
    "median": 45.0,
    "std": 9.444232400462658,
    "min": 5.0,
    "max": 91.0,
    "q25": 39.0,
    "q75": 51.0
  },
  "Median_tot_prsnl_inc_weekly": {
    "count": 14776,
    "mean": 791.3966567406605,
    "median": 749.0,
    "std": 296.4104206587823,
    "min": 29.0,
    "max": 3500.0,
    "q25": 604.0,
    "q75": 906.0
  },
  "Tot_P_P": {
    "count": 14663,
    "mean": 1733.8297074268567,
    "median": 175.0,
    "std": 4113.962905969305,
    "min": 3.0,
    "max": 66781.0,
    "q25": 51.0,
    "q75": 1233.5
  }
}