Country,Number_of_Suburbs,Median_Age,Median_Personal_Income_Weekly,Median_Household_Income_Weekly,Median_Tertiary_Education_Pct,Median_Tertiary_Count,Median_Unemployment_Rate,Median_Household_Size,Median_Birthplace_Concentration_Pct,Q25_Personal_Income,Q75_Personal_Income,Q25_Tertiary_Education_Pct,Q75_Tertiary_Education_Pct
England,1065,45.0,785.0,1794.0,32.323232323232325,184.0,3.8,2.5,4.426705370101597,656.0,946.0,23.301805674978503,43.290043290043286
China,140,40.0,938.0,2265.5,58.17671728364294,1830.0,4.4,2.8,9.431949123133293,803.25,1113.25,49.10138526603782,67.1765910311493
India,92,34.0,977.0,2298.5,45.49820448464974,1318.5,4.4,3.0,7.422530382640401,843.75,1081.25,36.393303767076915,55.885011731016526
New Zealand,80,43.0,683.5,1479.0,23.570261437908496,37.0,5.0,2.7,3.677614228072944,577.0,788.75,16.967551293487958,31.96851962542339
Afghanistan,53,43.0,669.0,1468.0,17.647058823529413,9.0,3.5,2.7,0.0,537.0,846.0,8.333333333333332,30.0
